epoch,time,train/box_loss,train/seg_loss,train/cls_loss,train/dfl_loss,train/sem_loss,metrics/precision(B),metrics/recall(B),metrics/mAP50(B),metrics/mAP50-95(B),metrics/precision(M),metrics/recall(M),metrics/mAP50(M),metrics/mAP50-95(M),val/box_loss,val/seg_loss,val/cls_loss,val/dfl_loss,val/sem_loss,lr/pg0,lr/pg1,lr/pg2
1,138.18,2.71194,4.26103,3.56906,2.59964,0,0.00082,0.08108,0.00048,0.00014,0.00073,0.00895,0.00031,7e-05,3.90418,9.48965,26.2109,10.175,0,0.00332487,0.00332487,0.0700761
2,265.591,2.61508,3.88959,3.48305,2.64236,0,0.53687,0.04554,0.01295,0.00315,0.5353,0.04649,0.01198,0.00263,2.9709,4.31263,6.46215,3.10905,0,0.00663623,0.00663623,0.0400542
3,403.055,2.50658,3.83362,3.39757,2.53936,0,0.75809,0.01996,0.0046,0.00128,0.75858,0.01046,0.00174,0.00036,3.30409,5.15112,5.337,4.45842,0,0.0099256,0.0099256,0.0100102
4,546.467,2.44549,3.79771,3.35342,2.47388,0,0.78473,0.02662,0.01461,0.0057,0.7955,0.02376,0.01199,0.00508,2.75652,3.87163,5.8366,3.00535,0,0.009901,0.009901,0.009901
5,672.007,2.33814,3.65681,3.26881,2.36268,0,0.84354,0.05608,0.05158,0.01758,0.83091,0.04658,0.03957,0.01317,2.47859,3.89855,3.59559,2.61762,0,0.009868,0.009868,0.009868
6,793.201,2.291,3.60291,3.12818,2.31991,0,0.58991,0.05228,0.04961,0.01998,0.58387,0.04848,0.03778,0.01352,2.4587,3.52712,3.47135,2.48828,0,0.009835,0.009835,0.009835
7,916.035,2.27666,3.49836,3.10066,2.28535,0,0.86162,0.04563,0.05596,0.01903,0.86089,0.04373,0.04951,0.01665,2.45947,3.53886,3.70013,2.53497,0,0.009802,0.009802,0.009802
8,1039.77,2.23715,3.49001,3.06134,2.2519,0,0.84239,0.06179,0.06147,0.0239,0.82902,0.05931,0.05357,0.02035,2.33358,3.33328,3.48767,2.36965,0,0.009769,0.009769,0.009769
9,1162.58,2.21012,3.4756,3.01574,2.20781,0,0.34941,0.0842,0.05539,0.01946,0.36667,0.08157,0.05209,0.0175,2.52947,3.38239,3.48237,2.60529,0,0.009736,0.009736,0.009736
10,1283.68,2.16746,3.344,2.95809,2.18417,0,0.64315,0.06543,0.0891,0.03979,0.63128,0.05863,0.08274,0.03363,2.29962,3.33665,3.26226,2.3643,0,0.009703,0.009703,0.009703
11,1405.21,2.14368,3.37145,2.91597,2.13527,0,0.40011,0.09226,0.07482,0.02535,0.38226,0.07841,0.06806,0.02351,2.36998,3.29901,3.41533,2.38366,0,0.00967,0.00967,0.00967
12,1529.2,2.13551,3.40751,2.87503,2.13833,0,0.37617,0.11011,0.07614,0.02537,0.3371,0.09317,0.06901,0.02301,2.48377,3.33346,3.2748,2.54045,0,0.009637,0.009637,0.009637
13,1649.11,2.11647,3.32249,2.87259,2.11061,0,0.37103,0.08912,0.07798,0.02706,0.37138,0.08203,0.069,0.02358,2.36014,3.28689,3.30118,2.35979,0,0.009604,0.009604,0.009604
14,1770.37,2.07416,3.34788,2.81531,2.11459,0,0.35868,0.1085,0.06591,0.02222,0.35753,0.09797,0.05801,0.01951,2.40824,3.34817,3.47456,2.47417,0,0.009571,0.009571,0.009571
15,1893.46,2.07294,3.30521,2.84681,2.07046,0,0.41345,0.12943,0.08844,0.03581,0.39699,0.11651,0.07809,0.03069,2.26032,3.11161,3.22328,2.25174,0,0.009538,0.009538,0.009538
16,2016.75,2.06797,3.27068,2.79124,2.08802,0,0.42648,0.10898,0.09931,0.03943,0.375,0.11768,0.0896,0.03593,2.27121,3.1298,3.22657,2.35776,0,0.009505,0.009505,0.009505
17,2139.26,2.05326,3.29085,2.79026,2.07832,0,0.19958,0.13984,0.08853,0.03049,0.18289,0.12633,0.07713,0.02778,2.34801,3.11439,3.21304,2.36175,0,0.009472,0.009472,0.009472
18,2259.25,2.04466,3.24837,2.7921,2.03915,0,0.37939,0.12847,0.09205,0.0293,0.3827,0.12472,0.08413,0.02817,2.34324,3.01386,3.19015,2.377,0,0.009439,0.009439,0.009439
19,2380.35,1.99213,3.2238,2.677,1.99971,0,0.38298,0.16332,0.09031,0.02674,0.38056,0.15184,0.08691,0.02429,2.38826,2.94836,3.20025,2.49215,0,0.009406,0.009406,0.009406
20,2503.47,2.01213,3.18662,2.71755,2.02626,0,0.37449,0.14624,0.08051,0.02483,0.3734,0.1342,0.08826,0.02464,2.48812,3.03669,3.23175,2.66314,0,0.009373,0.009373,0.009373
21,2626,2.00405,3.1923,2.71705,2.01801,0,0.45302,0.14371,0.10507,0.03138,0.45326,0.11897,0.09675,0.02955,2.45581,3.02716,3.10129,2.61786,0,0.00934,0.00934,0.00934
22,2746.12,1.97242,3.09774,2.69163,1.99769,0,0.42154,0.18034,0.11096,0.0371,0.41913,0.16718,0.10891,0.03607,2.25014,2.99937,3.06938,2.28691,0,0.009307,0.009307,0.009307
23,2866.1,1.96523,3.14769,2.67702,1.99433,0,0.38982,0.15002,0.10404,0.03439,0.40878,0.13901,0.09759,0.02805,2.39451,2.97981,3.06902,2.4714,0,0.009274,0.009274,0.009274
24,2989.86,1.9633,3.15054,2.61944,1.98265,0,0.39816,0.18988,0.12734,0.04153,0.38737,0.17533,0.12612,0.04205,2.42641,2.89161,3.0044,2.53914,0,0.009241,0.009241,0.009241
25,3112.69,1.94037,3.07943,2.60898,1.95771,0,0.39365,0.21205,0.11173,0.03884,0.38442,0.1992,0.10438,0.03584,2.35442,2.98113,3.37312,2.38222,0,0.009208,0.009208,0.009208
26,3235.27,1.96411,3.14528,2.64487,1.95957,0,0.40964,0.18147,0.12942,0.04447,0.40145,0.15264,0.11949,0.03895,2.38388,2.96913,3.06742,2.49839,0,0.009175,0.009175,0.009175
27,3356.29,1.94426,3.09356,2.61984,1.95059,0,0.39081,0.18819,0.12344,0.04201,0.38914,0.17765,0.12242,0.04121,2.32341,2.88116,3.02313,2.44404,0,0.009142,0.009142,0.009142
28,3476.82,1.91285,3.0932,2.58468,1.93654,0,0.47107,0.18815,0.13582,0.04363,0.47924,0.19126,0.13594,0.03997,2.38727,2.91434,2.92738,2.55642,0,0.009109,0.009109,0.009109
29,3597.44,1.91216,3.08377,2.55313,1.93177,0,0.42664,0.17751,0.13453,0.04353,0.42131,0.17652,0.12635,0.04147,2.2949,2.80256,2.9242,2.51849,0,0.009076,0.009076,0.009076
30,3718.19,1.92175,3.02729,2.56776,1.92104,0,0.40381,0.19155,0.1362,0.03966,0.39794,0.16867,0.12445,0.03667,2.41272,2.85368,2.90446,2.80159,0,0.009043,0.009043,0.009043
31,3839.04,1.90316,3.04992,2.54471,1.91171,0,0.502,0.15686,0.13882,0.04943,0.52815,0.13823,0.1286,0.04732,2.32326,2.89708,2.9262,2.49103,0,0.00901,0.00901,0.00901
32,3959.75,1.88926,2.98264,2.50831,1.90087,0,0.12656,0.20329,0.11605,0.03959,0.13041,0.17974,0.11103,0.03881,2.32234,2.78103,3.09725,2.52954,0,0.008977,0.008977,0.008977
33,4080.45,1.91022,3.04976,2.52877,1.91982,0,0.41866,0.18685,0.12573,0.04614,0.42132,0.18713,0.1275,0.0467,2.32491,2.80637,2.90836,2.40792,0,0.008944,0.008944,0.008944
34,4200.98,1.89906,3.04217,2.50528,1.90042,0,0.15161,0.22292,0.14236,0.04719,0.49279,0.14228,0.13916,0.0483,2.36756,2.80303,2.87523,2.49431,0,0.008911,0.008911,0.008911
35,4324.86,1.88457,3.03052,2.47831,1.88439,0,0.45215,0.21992,0.16078,0.06029,0.45536,0.21028,0.16118,0.06023,2.29271,2.73221,2.80171,2.47881,0,0.008878,0.008878,0.008878
36,4455.13,1.88689,2.98533,2.44915,1.87767,0,0.47127,0.21626,0.16341,0.05787,0.44935,0.20546,0.15255,0.05177,2.316,2.791,2.77289,2.50509,0,0.008845,0.008845,0.008845
37,4579.81,1.85229,2.95309,2.45748,1.86197,0,0.44732,0.19557,0.14069,0.04927,0.44151,0.189,0.13101,0.04289,2.34564,3.04397,3.08598,2.63218,0,0.008812,0.008812,0.008812
38,4706.59,1.82348,2.98574,2.46559,1.84362,0,0.46127,0.20934,0.14688,0.05216,0.45025,0.19485,0.13207,0.04237,2.32337,2.79234,2.93049,2.50989,0,0.008779,0.008779,0.008779
39,4832.71,1.83496,2.98798,2.43363,1.87304,0,0.43792,0.2281,0.17286,0.06094,0.45399,0.1853,0.16777,0.06197,2.33039,2.81756,2.82286,2.63254,0,0.008746,0.008746,0.008746
40,4959.92,1.8068,2.9383,2.38956,1.84667,0,0.48474,0.19683,0.17058,0.07052,0.48563,0.1847,0.1601,0.06643,2.27987,2.8143,2.88014,2.49557,0,0.008713,0.008713,0.008713
41,5079.3,1.81881,2.95085,2.38153,1.84745,0,0.24439,0.24543,0.18658,0.07368,0.22497,0.22453,0.17413,0.06723,2.24654,2.79324,2.77658,2.30633,0,0.00868,0.00868,0.00868
42,5198.71,1.85655,3.01267,2.42496,1.87117,0,0.47794,0.21001,0.17108,0.06241,0.44173,0.21223,0.16391,0.06023,2.29599,2.74812,2.77819,2.56752,0,0.008647,0.008647,0.008647
43,5318.55,1.83892,2.94522,2.42816,1.85786,0,0.45443,0.19184,0.15453,0.06274,0.45585,0.18008,0.1433,0.05481,2.26949,2.78225,2.79145,2.43563,0,0.008614,0.008614,0.008614
44,5441.31,1.83199,2.92237,2.40027,1.85213,0,0.44213,0.21998,0.16099,0.0608,0.43573,0.21958,0.15195,0.05655,2.23124,2.7575,2.81873,2.38855,0,0.008581,0.008581,0.008581
45,5563.35,1.81428,2.91922,2.34766,1.82611,0,0.46254,0.18906,0.15386,0.05814,0.44736,0.19314,0.14925,0.05673,2.32225,2.75766,2.93517,2.61757,0,0.008548,0.008548,0.008548
46,5685.41,1.78786,2.85698,2.33992,1.79444,0,0.47336,0.2522,0.19163,0.07105,0.47436,0.24611,0.18818,0.06892,2.28435,2.64728,2.71081,2.52431,0,0.008515,0.008515,0.008515
47,5805.72,1.79857,2.90483,2.36303,1.80146,0,0.50313,0.21982,0.1902,0.07045,0.49525,0.21974,0.18177,0.07082,2.29124,2.71162,2.70691,2.47553,0,0.008482,0.008482,0.008482
48,5926.41,1.77059,2.88528,2.33003,1.79842,0,0.49217,0.19257,0.1697,0.06695,0.48861,0.1951,0.16455,0.06398,2.25243,2.70453,2.74041,2.48854,0,0.008449,0.008449,0.008449
49,6046.29,1.8019,2.88647,2.33933,1.80384,0,0.48248,0.24673,0.18709,0.06686,0.49546,0.24014,0.17757,0.06535,2.24101,2.65234,2.7822,2.60692,0,0.008416,0.008416,0.008416
50,6165.71,1.76023,2.85416,2.283,1.7923,0,0.51238,0.2383,0.19413,0.07129,0.51009,0.2383,0.18804,0.07124,2.31016,2.64552,2.71183,2.49358,0,0.008383,0.008383,0.008383
51,6286.55,1.78513,2.91924,2.35616,1.81033,0,0.49197,0.20321,0.19227,0.07197,0.49686,0.2062,0.18202,0.07396,2.26258,2.61443,2.73086,2.62973,0,0.00835,0.00835,0.00835
52,6409.14,1.76218,2.80856,2.24605,1.78255,0,0.49072,0.23577,0.21614,0.09,0.56646,0.20206,0.21157,0.08939,2.26518,2.63195,2.58699,2.63134,0,0.008317,0.008317,0.008317
53,6531.82,1.79278,2.82809,2.3109,1.80652,0,0.47265,0.2106,0.17063,0.0686,0.49424,0.19867,0.16816,0.06464,2.27555,2.70336,2.88188,2.483,0,0.008284,0.008284,0.008284
54,6653.56,1.75577,2.82079,2.27192,1.78582,0,0.4795,0.21743,0.17562,0.06466,0.47886,0.20655,0.17378,0.06777,2.34492,2.73094,2.80178,2.66777,0,0.008251,0.008251,0.008251
55,6774.02,1.71642,2.76235,2.21956,1.75754,0,0.5151,0.25206,0.20715,0.0858,0.49515,0.24463,0.2015,0.0857,2.22119,2.60885,2.69625,2.36293,0,0.008218,0.008218,0.008218
56,6894.55,1.74032,2.82257,2.24605,1.78084,0,0.22878,0.24851,0.18457,0.07099,0.23771,0.21955,0.17248,0.06422,2.24399,2.67555,2.69583,2.53341,0,0.008185,0.008185,0.008185
57,7015.42,1.73109,2.81605,2.25651,1.77291,0,0.45951,0.25437,0.17992,0.066,0.45725,0.24116,0.16668,0.06455,2.23871,2.64254,2.70922,2.52427,0,0.008152,0.008152,0.008152
58,7136.16,1.79134,2.89837,2.33144,1.82031,0,0.20654,0.24774,0.1905,0.07226,0.19953,0.23009,0.184,0.06651,2.22106,2.64039,2.67274,2.58857,0,0.008119,0.008119,0.008119
59,7257.04,1.68049,2.74361,2.19542,1.72785,0,0.45573,0.27577,0.18103,0.07235,0.48087,0.23993,0.17187,0.06814,2.20189,2.56793,2.54874,2.38744,0,0.008086,0.008086,0.008086
60,7378.69,1.72729,2.77764,2.2215,1.76256,0,0.34302,0.24674,0.21093,0.09097,0.35449,0.2264,0.1987,0.08295,2.19223,2.77685,2.64913,2.45775,0,0.008053,0.008053,0.008053
61,7499.6,1.74641,2.75357,2.23313,1.76462,0,0.26206,0.24969,0.21532,0.08863,0.25703,0.24202,0.20564,0.08466,2.20201,2.64415,2.66861,2.53346,0,0.00802,0.00802,0.00802
62,7620.26,1.71587,2.74617,2.19646,1.74778,0,0.5047,0.24739,0.21018,0.08926,0.49084,0.23349,0.20234,0.0879,2.16454,2.62474,2.66937,2.26276,0,0.007987,0.007987,0.007987
63,7741.17,1.70179,2.79728,2.21139,1.74377,0,0.28829,0.23641,0.22122,0.08907,0.2742,0.24193,0.20496,0.08516,2.14351,2.57019,2.60753,2.29768,0,0.007954,0.007954,0.007954
64,7861.67,1.71196,2.77932,2.19632,1.74389,0,0.322,0.27565,0.21437,0.08406,0.31831,0.26316,0.20437,0.0819,2.23965,2.5643,2.59349,2.56626,0,0.007921,0.007921,0.007921
65,7981.26,1.70042,2.79079,2.18061,1.75321,0,0.49349,0.23758,0.21292,0.07735,0.50587,0.22662,0.20232,0.07561,2.28104,2.63326,2.64693,2.64757,0,0.007888,0.007888,0.007888
66,8102.99,1.70684,2.77701,2.20264,1.75508,0,0.51362,0.24372,0.2197,0.0907,0.52135,0.24866,0.217,0.09062,2.24048,2.54629,2.53174,2.5197,0,0.007855,0.007855,0.007855
67,8225.87,1.70247,2.76319,2.15109,1.72552,0,0.49238,0.26382,0.21949,0.08719,0.21843,0.25884,0.20342,0.08212,2.21183,2.55865,2.57211,2.51852,0,0.007822,0.007822,0.007822
68,8348.46,1.72474,2.82702,2.20401,1.75644,0,0.32008,0.23827,0.22703,0.08767,0.31321,0.23127,0.21184,0.08372,2.19815,2.63836,2.54148,2.554,0,0.007789,0.007789,0.007789
69,8470.12,1.71067,2.80697,2.17706,1.72787,0,0.36504,0.2573,0.20172,0.07652,0.26783,0.22538,0.18752,0.07195,2.22196,2.56594,2.62302,2.53842,0,0.007756,0.007756,0.007756
70,8589.86,1.68357,2.8056,2.15494,1.72496,0,0.25392,0.25433,0.21092,0.085,0.2572,0.24718,0.20609,0.08226,2.26223,2.52805,2.63446,2.72064,0,0.007723,0.007723,0.007723
71,8709.53,1.67303,2.70783,2.12691,1.7212,0,0.2397,0.24864,0.21573,0.08839,0.2345,0.24798,0.20078,0.08027,2.20262,2.56617,2.52518,2.51262,0,0.00769,0.00769,0.00769
72,8830.52,1.67342,2.69847,2.12389,1.69922,0,0.25104,0.26064,0.19677,0.08267,0.24627,0.23139,0.19055,0.07944,2.16511,2.57366,2.6361,2.33077,0,0.007657,0.007657,0.007657
73,8950.18,1.68293,2.68965,2.15461,1.71186,0,0.316,0.28116,0.2201,0.08832,0.28146,0.26347,0.20561,0.08282,2.24562,2.51639,2.5256,2.54851,0,0.007624,0.007624,0.007624
74,9071.86,1.65356,2.70141,2.08573,1.69536,0,0.26261,0.27156,0.204,0.08408,0.26072,0.24954,0.2008,0.08197,2.22539,2.53309,2.59197,2.53798,0,0.007591,0.007591,0.007591
75,9194.98,1.70557,2.72373,2.14903,1.73977,0,0.34569,0.30769,0.24032,0.10146,0.59947,0.18741,0.22871,0.09574,2.20991,2.47748,2.48725,2.56364,0,0.007558,0.007558,0.007558
76,9318.48,1.69147,2.69469,2.14339,1.7268,0,0.2539,0.29532,0.22152,0.08978,0.25546,0.28159,0.21623,0.08505,2.18564,2.49272,2.51102,2.53309,0,0.007525,0.007525,0.007525
77,9443.75,1.65208,2.64891,2.06137,1.68243,0,0.27504,0.27042,0.21973,0.09108,0.27466,0.27085,0.21058,0.08662,2.20096,2.50778,2.55228,2.52223,0,0.007492,0.007492,0.007492
78,9567.59,1.63851,2.67045,2.04882,1.69533,0,0.27915,0.28996,0.21632,0.09108,0.30566,0.26722,0.20747,0.0875,2.19286,2.49477,2.51903,2.37723,0,0.007459,0.007459,0.007459
79,9693.44,1.65228,2.66866,2.05991,1.69816,0,0.52722,0.25642,0.23648,0.09475,0.53073,0.25074,0.22743,0.09527,2.19384,2.5024,2.46537,2.52858,0,0.007426,0.007426,0.007426
80,9821.18,1.62947,2.67192,2.06251,1.67532,0,0.25879,0.29111,0.21833,0.08777,0.24486,0.27339,0.20591,0.08465,2.16143,2.49019,2.52869,2.39281,0,0.007393,0.007393,0.007393
81,9949.2,1.64182,2.62868,2.04847,1.6748,0,0.25573,0.28505,0.21448,0.0902,0.51381,0.25959,0.2062,0.08484,2.18434,2.51406,2.50764,2.40402,0,0.00736,0.00736,0.00736
82,10075.1,1.66021,2.65885,2.05849,1.68837,0,0.5084,0.25221,0.21711,0.09894,0.50137,0.24338,0.20717,0.09145,2.19882,2.51152,2.51833,2.40683,0,0.007327,0.007327,0.007327
83,10194.7,1.63258,2.66029,2.07068,1.67696,0,0.26497,0.28683,0.22768,0.0964,0.25912,0.27846,0.21586,0.09494,2.17051,2.44633,2.45552,2.5716,0,0.007294,0.007294,0.007294
84,10317.2,1.6252,2.67056,2.0339,1.67292,0,0.24667,0.29965,0.23001,0.10391,0.25414,0.27832,0.22136,0.10117,2.18106,2.46822,2.49982,2.48549,0,0.007261,0.007261,0.007261
85,10440.5,1.63184,2.62696,2.03977,1.68828,0,0.32534,0.29771,0.23063,0.10784,0.3211,0.27708,0.21833,0.1013,2.17809,2.48672,2.50325,2.47441,0,0.007228,0.007228,0.007228
86,10564.3,1.63028,2.62743,2.0546,1.67859,0,0.24042,0.307,0.23419,0.09833,0.24629,0.28798,0.2208,0.08998,2.16446,2.45494,2.46591,2.56955,0,0.007195,0.007195,0.007195
87,10686.2,1.63679,2.62861,2.06997,1.67773,0,0.33227,0.26271,0.20696,0.08785,0.31652,0.24798,0.19603,0.08247,2.17062,2.45894,2.53253,2.51351,0,0.007162,0.007162,0.007162
88,10805.9,1.62574,2.62149,2.02465,1.67675,0,0.30334,0.27032,0.23124,0.10105,0.23747,0.25583,0.22114,0.09699,2.20285,2.48423,2.50553,2.66635,0,0.007129,0.007129,0.007129
89,10927.2,1.59552,2.61519,2.00476,1.6575,0,0.31127,0.28851,0.23916,0.10338,0.30427,0.2738,0.22754,0.09766,2.16125,2.4274,2.48598,2.50179,0,0.007096,0.007096,0.007096
90,11050.9,1.61984,2.64829,2.02406,1.67652,0,0.23552,0.26188,0.22604,0.10195,0.23215,0.25474,0.21454,0.09302,2.12622,2.42036,2.41525,2.3975,0,0.007063,0.007063,0.007063
91,11174.4,1.60554,2.64396,2.02572,1.6636,0,0.29997,0.29371,0.23422,0.10188,0.30932,0.28198,0.21985,0.09209,2.15535,2.42272,2.47099,2.45006,0,0.00703,0.00703,0.00703
92,11297,1.57003,2.60093,1.96923,1.6309,0,0.30339,0.24285,0.21614,0.09486,0.31256,0.22928,0.20133,0.08409,2.17232,2.50818,2.45877,2.51679,0,0.006997,0.006997,0.006997
93,11417,1.60002,2.64095,1.97722,1.64499,0,0.25295,0.31809,0.24274,0.10848,0.28487,0.25754,0.23773,0.10223,2.1949,2.41582,2.40168,2.59329,0,0.006964,0.006964,0.006964
94,11538.1,1.59367,2.57752,1.9754,1.65022,0,0.37255,0.28695,0.26078,0.11125,0.38117,0.28722,0.25954,0.11253,2.15903,2.40458,2.32405,2.61186,0,0.006931,0.006931,0.006931
95,11662,1.60704,2.58437,1.97053,1.65148,0,0.30776,0.31878,0.24446,0.10289,0.29846,0.31261,0.23088,0.09653,2.18086,2.41585,2.44337,2.75843,0,0.006898,0.006898,0.006898
96,11786,1.61133,2.5907,1.99069,1.66171,0,0.32175,0.29083,0.23959,0.10831,0.33323,0.26712,0.22382,0.10042,2.14977,2.3974,2.44308,2.52,0,0.006865,0.006865,0.006865
97,11909.2,1.63579,2.63343,2.01921,1.66592,0,0.28853,0.3114,0.25715,0.10871,0.29132,0.31211,0.25572,0.10812,2.16757,2.47055,2.40434,2.57955,0,0.006832,0.006832,0.006832
98,12031,1.59381,2.63025,1.99272,1.63488,0,0.31553,0.30047,0.24451,0.10543,0.2516,0.27482,0.22957,0.09981,2.20095,2.44784,2.4681,2.74693,0,0.006799,0.006799,0.006799
99,12151.7,1.60441,2.61297,1.98696,1.6446,0,0.2523,0.34471,0.26062,0.11788,0.30348,0.26109,0.24651,0.10911,2.13751,2.41605,2.36915,2.57653,0,0.006766,0.006766,0.006766
100,12271.7,1.59185,2.58149,1.97521,1.64277,0,0.3101,0.31701,0.253,0.11024,0.32783,0.26954,0.22422,0.09559,2.18391,2.47823,2.45857,2.62375,0,0.006733,0.006733,0.006733
101,12393.6,1.57935,2.53961,1.97468,1.63637,0,0.29134,0.2745,0.26342,0.12445,0.33249,0.28504,0.24681,0.11774,2.12866,2.40952,2.30519,2.41661,0,0.0067,0.0067,0.0067
102,12517.5,1.55847,2.52168,1.92949,1.61582,0,0.25963,0.37303,0.27748,0.12953,0.26358,0.32658,0.25862,0.12227,2.1293,2.43827,2.35032,2.45086,0,0.006667,0.006667,0.006667
103,12641.1,1.5652,2.53542,1.93769,1.62687,0,0.32183,0.32671,0.24918,0.11504,0.30604,0.30468,0.23506,0.10514,2.13542,2.41584,2.36072,2.64076,0,0.006634,0.006634,0.006634
104,12763.9,1.60311,2.61527,1.98227,1.63852,0,0.27571,0.30828,0.23357,0.10134,0.28913,0.28873,0.22475,0.09665,2.12925,2.46368,2.49128,2.44504,0,0.006601,0.006601,0.006601
105,12885.9,1.57053,2.55274,1.92376,1.61939,0,0.27827,0.32153,0.24649,0.10738,0.26655,0.27705,0.23028,0.09968,2.17379,2.42691,2.42371,2.5957,0,0.006568,0.006568,0.006568
106,13008,1.5576,2.5325,1.89874,1.60465,0,0.28401,0.32605,0.24145,0.10482,0.28553,0.31213,0.22774,0.10105,2.17738,2.39378,2.39652,2.57182,0,0.006535,0.006535,0.006535
107,13130,1.56009,2.59058,1.90199,1.61697,0,0.32823,0.34433,0.26592,0.11411,0.31934,0.3262,0.24894,0.10652,2.14814,2.38658,2.36126,2.4734,0,0.006502,0.006502,0.006502
108,13252.1,1.55528,2.53263,1.88734,1.62049,0,0.30926,0.32852,0.26619,0.11409,0.30269,0.31549,0.24266,0.105,2.1832,2.3523,2.31184,2.71882,0,0.006469,0.006469,0.006469
109,13373.4,1.54146,2.53972,1.90495,1.61874,0,0.30789,0.29941,0.24723,0.11056,0.30826,0.27106,0.24125,0.10584,2.15466,2.40179,2.4262,2.585,0,0.006436,0.006436,0.006436
110,13493.5,1.5448,2.5008,1.89837,1.61006,0,0.2759,0.34247,0.27428,0.12158,0.26886,0.33525,0.25418,0.10994,2.16931,2.40126,2.34629,2.65216,0,0.006403,0.006403,0.006403
111,13615.6,1.54485,2.57712,1.89424,1.61041,0,0.31952,0.3231,0.27033,0.12524,0.29458,0.32817,0.26136,0.11682,2.13623,2.3424,2.32266,2.61143,0,0.00637,0.00637,0.00637
112,13739.9,1.52894,2.48237,1.85575,1.59679,0,0.30112,0.3342,0.26946,0.12673,0.3007,0.32688,0.26777,0.11755,2.15394,2.39404,2.31007,2.70376,0,0.006337,0.006337,0.006337
113,13863.6,1.54612,2.50442,1.89446,1.59737,0,0.33741,0.31055,0.25217,0.10964,0.33249,0.30621,0.24968,0.10198,2.12592,2.35934,2.37649,2.61711,0,0.006304,0.006304,0.006304
114,13987,1.53055,2.54257,1.89151,1.60375,0,0.28343,0.32971,0.26269,0.11164,0.25332,0.32262,0.24253,0.10236,2.16756,2.37927,2.34499,2.52952,0,0.006271,0.006271,0.006271
115,14109.4,1.52519,2.49844,1.85408,1.59711,0,0.27706,0.34992,0.26133,0.12177,0.25564,0.32206,0.24878,0.11065,2.16681,2.35943,2.32196,2.57455,0,0.006238,0.006238,0.006238
116,14232.5,1.53735,2.51246,1.88448,1.59003,0,0.30256,0.34652,0.27277,0.12146,0.28071,0.32713,0.26231,0.11386,2.10458,2.33203,2.31505,2.55084,0,0.006205,0.006205,0.006205
117,14355.5,1.56334,2.50594,1.88038,1.61188,0,0.33401,0.31295,0.27298,0.12394,0.3154,0.29573,0.25614,0.11768,2.14779,2.35391,2.2897,2.59451,0,0.006172,0.006172,0.006172
118,14478.6,1.51717,2.48355,1.85149,1.58416,0,0.28814,0.35618,0.271,0.12353,0.25899,0.37089,0.26013,0.11847,2.07848,2.34396,2.30623,2.4605,0,0.006139,0.006139,0.006139
119,14606.1,1.54357,2.5304,1.89874,1.6009,0,0.33609,0.32033,0.28359,0.13358,0.34365,0.31104,0.28056,0.12423,2.12172,2.31779,2.30099,2.6334,0,0.006106,0.006106,0.006106
120,14740.1,1.55299,2.50655,1.88202,1.59331,0,0.32381,0.33391,0.28045,0.13391,0.35547,0.28993,0.27277,0.12448,2.11016,2.31085,2.33062,2.55267,0,0.006073,0.006073,0.006073
121,14874.5,1.5384,2.54251,1.88079,1.60774,0,0.27562,0.33181,0.26177,0.12239,0.25487,0.31125,0.24688,0.10907,2.11518,2.34177,2.30641,2.48825,0,0.00604,0.00604,0.00604
122,15002.2,1.53171,2.42416,1.84743,1.58861,0,0.32156,0.35498,0.27543,0.12599,0.31237,0.33111,0.25704,0.11404,2.09135,2.37936,2.32076,2.43582,0,0.006007,0.006007,0.006007
123,15124.7,1.526,2.46859,1.84705,1.58656,0,0.32057,0.3024,0.26515,0.1271,0.31685,0.29911,0.25763,0.11808,2.10623,2.33326,2.43005,2.52279,0,0.005974,0.005974,0.005974
124,15247.3,1.50857,2.45456,1.83182,1.58955,0,0.30946,0.34066,0.28836,0.12761,0.31853,0.33501,0.27912,0.12003,2.13044,2.33192,2.34668,2.51606,0,0.005941,0.005941,0.005941
125,15369.7,1.50245,2.5248,1.83689,1.57044,0,0.30113,0.32405,0.26056,0.11572,0.27348,0.32853,0.24786,0.10898,2.1449,2.3947,2.43169,2.5183,0,0.005908,0.005908,0.005908
126,15496,1.49386,2.51733,1.82804,1.56726,0,0.3012,0.3269,0.26872,0.12301,0.30123,0.3137,0.25766,0.11298,2.12834,2.38647,2.32009,2.55307,0,0.005875,0.005875,0.005875
127,15616.6,1.5628,2.47839,1.85394,1.60554,0,0.39201,0.34727,0.29468,0.13916,0.37702,0.317,0.27654,0.12933,2.11356,2.32394,2.26498,2.56185,0,0.005842,0.005842,0.005842
128,15739.2,1.50345,2.47391,1.828,1.57831,0,0.28441,0.36688,0.279,0.12535,0.27144,0.34347,0.26366,0.11592,2.11155,2.34465,2.31671,2.48655,0,0.005809,0.005809,0.005809
129,15859.8,1.49581,2.43249,1.81007,1.56977,0,0.30147,0.34182,0.27545,0.12918,0.29686,0.31876,0.26734,0.12123,2.14448,2.32851,2.36138,2.57121,0,0.005776,0.005776,0.005776
130,15983.6,1.49559,2.47122,1.8128,1.55985,0,0.28333,0.36445,0.28147,0.13264,0.28196,0.3465,0.27062,0.12112,2.08251,2.36928,2.2956,2.50228,0,0.005743,0.005743,0.005743
131,16107.9,1.53066,2.46788,1.8228,1.5824,0,0.40916,0.30595,0.29998,0.14131,0.41447,0.30561,0.29189,0.13211,2.11916,2.3431,2.2703,2.57587,0,0.00571,0.00571,0.00571
132,16232.7,1.51214,2.45472,1.79455,1.58057,0,0.33196,0.35161,0.29567,0.14138,0.31749,0.35103,0.28808,0.12684,2.08076,2.37382,2.25721,2.55394,0,0.005677,0.005677,0.005677
133,16356,1.48243,2.42902,1.80548,1.5522,0,0.31657,0.29267,0.27303,0.12787,0.3204,0.31229,0.26435,0.11853,2.12444,2.33854,2.33768,2.72848,0,0.005644,0.005644,0.005644
134,16478.9,1.48205,2.43226,1.76661,1.56139,0,0.34494,0.36383,0.30481,0.14515,0.35542,0.34183,0.29709,0.12971,2.0709,2.31352,2.29343,2.47988,0,0.005611,0.005611,0.005611
135,16601.9,1.47177,2.42564,1.78101,1.57522,0,0.33871,0.32102,0.28138,0.12946,0.33531,0.30747,0.2772,0.12113,2.09302,2.32414,2.28884,2.61602,0,0.005578,0.005578,0.005578
136,16724.4,1.52451,2.45412,1.81735,1.591,0,0.38396,0.26502,0.29026,0.1394,0.38604,0.26373,0.28965,0.13051,2.10937,2.30411,2.19964,2.60931,0,0.005545,0.005545,0.005545
137,16847.1,1.46577,2.44579,1.7985,1.55851,0,0.35612,0.34371,0.30886,0.14173,0.34872,0.3345,0.29506,0.13436,2.11319,2.33548,2.20948,2.58256,0,0.005512,0.005512,0.005512
138,16969.6,1.48761,2.46349,1.81361,1.57709,0,0.32994,0.36228,0.3057,0.14524,0.34646,0.35242,0.29684,0.13623,2.09553,2.34176,2.24746,2.60155,0,0.005479,0.005479,0.005479
139,17090.5,1.46309,2.44692,1.76947,1.54586,0,0.37834,0.32792,0.28949,0.13764,0.3718,0.29311,0.27301,0.12856,2.0646,2.32725,2.26879,2.5103,0,0.005446,0.005446,0.005446
140,17210.8,1.46489,2.39597,1.75558,1.54914,0,0.30941,0.36281,0.28551,0.13381,0.30352,0.34675,0.2791,0.12438,2.09844,2.31073,2.30593,2.59573,0,0.005413,0.005413,0.005413
141,17336.4,1.48653,2.48654,1.77925,1.56507,0,0.33847,0.37038,0.32003,0.15389,0.34202,0.34904,0.30835,0.14465,2.09298,2.32618,2.24549,2.50976,0,0.00538,0.00538,0.00538
142,17461.3,1.46321,2.39717,1.70727,1.5477,0,0.36672,0.34478,0.30502,0.14511,0.35457,0.33297,0.29923,0.13565,2.12813,2.3251,2.23861,2.7001,0,0.005347,0.005347,0.005347
143,17585.6,1.45065,2.35274,1.71042,1.5273,0,0.37578,0.34518,0.30856,0.14833,0.38033,0.34634,0.30535,0.14377,2.1066,2.28595,2.2364,2.70798,0,0.005314,0.005314,0.005314
144,17710,1.48623,2.39747,1.75199,1.55496,0,0.38499,0.33587,0.31184,0.14831,0.36991,0.33553,0.29797,0.13775,2.10371,2.27284,2.27138,2.71635,0,0.005281,0.005281,0.005281
145,17834.8,1.44692,2.40668,1.70386,1.53654,0,0.32894,0.34899,0.30842,0.14006,0.33266,0.33026,0.29886,0.13051,2.11171,2.28852,2.30407,2.84958,0,0.005248,0.005248,0.005248
146,17959.4,1.44809,2.44525,1.72125,1.53802,0,0.32847,0.3656,0.29559,0.1339,0.32029,0.35401,0.28894,0.12889,2.09317,2.31341,2.35336,2.88771,0,0.005215,0.005215,0.005215
147,18083.5,1.452,2.41767,1.73214,1.5418,0,0.32213,0.36517,0.30371,0.13792,0.36301,0.32992,0.30137,0.13523,2.10284,2.26721,2.32776,3.11395,0,0.005182,0.005182,0.005182
148,18208.2,1.45958,2.36268,1.72379,1.53504,0,0.30949,0.38236,0.28641,0.13781,0.30937,0.38455,0.28719,0.13052,2.07331,2.29463,2.31752,2.84063,0,0.005149,0.005149,0.005149
149,18332.6,1.42186,2.38231,1.73009,1.54025,0,0.34234,0.37561,0.31376,0.15043,0.35104,0.37717,0.31097,0.1429,2.06147,2.28975,2.26429,2.69504,0,0.005116,0.005116,0.005116
150,18456.9,1.46405,2.40872,1.75352,1.55736,0,0.32799,0.35438,0.27971,0.14068,0.33064,0.34982,0.27685,0.1328,2.06255,2.29997,2.2648,2.50472,0,0.005083,0.005083,0.005083
151,18581.2,1.4664,2.40473,1.74539,1.5561,0,0.38374,0.36178,0.30411,0.15049,0.38455,0.34996,0.30741,0.14375,2.05846,2.27909,2.25344,2.50946,0,0.00505,0.00505,0.00505
152,18705.3,1.45929,2.39531,1.71661,1.53764,0,0.31127,0.39822,0.3016,0.13706,0.34108,0.38668,0.30452,0.12782,2.08009,2.29824,2.28159,2.60168,0,0.005017,0.005017,0.005017
153,18829.7,1.48809,2.42877,1.76206,1.55798,0,0.35238,0.37079,0.29603,0.13819,0.3546,0.35898,0.29388,0.12594,2.09397,2.26288,2.303,2.70973,0,0.004984,0.004984,0.004984
154,18954.3,1.45934,2.34052,1.70527,1.53153,0,0.32928,0.41503,0.33351,0.15606,0.32115,0.39776,0.32419,0.14578,2.09562,2.26663,2.18475,2.73433,0,0.004951,0.004951,0.004951
155,19078.9,1.42855,2.36932,1.67219,1.51471,0,0.36303,0.35115,0.31121,0.1427,0.34568,0.33704,0.3031,0.13697,2.07119,2.2793,2.31382,2.6316,0,0.004918,0.004918,0.004918
156,19203,1.4572,2.36184,1.67044,1.53332,0,0.32894,0.39037,0.30946,0.14855,0.32051,0.37812,0.30082,0.13819,2.0823,2.25989,2.35369,2.73633,0,0.004885,0.004885,0.004885
157,19327.3,1.43252,2.37578,1.69574,1.52729,0,0.39142,0.34576,0.32837,0.16188,0.34979,0.36843,0.3266,0.15381,2.06333,2.30186,2.23842,2.58012,0,0.004852,0.004852,0.004852
158,19452.7,1.42951,2.31968,1.67105,1.51335,0,0.39847,0.36794,0.33448,0.15845,0.40083,0.3672,0.32617,0.14383,2.08517,2.29672,2.20227,2.75664,0,0.004819,0.004819,0.004819
159,19576.7,1.41902,2.40225,1.66151,1.51482,0,0.34071,0.3902,0.30903,0.15027,0.34123,0.39114,0.30352,0.13869,2.08148,2.32347,2.31269,2.66076,0,0.004786,0.004786,0.004786
160,19706.3,1.43261,2.3283,1.67845,1.51402,0,0.32743,0.38831,0.3042,0.14667,0.33,0.35834,0.29219,0.13523,2.04777,2.28118,2.25755,2.65175,0,0.004753,0.004753,0.004753
161,19836.3,1.41245,2.38414,1.65641,1.50959,0,0.33614,0.35049,0.30696,0.14573,0.33006,0.35365,0.29816,0.1318,2.03982,2.30473,2.25437,2.57034,0,0.00472,0.00472,0.00472
162,19965.4,1.42597,2.32025,1.65874,1.51376,0,0.34654,0.42795,0.32065,0.14805,0.33865,0.41236,0.30949,0.13368,2.08875,2.2356,2.23406,2.77348,0,0.004687,0.004687,0.004687
163,20094.5,1.4393,2.34768,1.70686,1.51369,0,0.32644,0.35878,0.32189,0.14927,0.33908,0.37451,0.32089,0.14481,2.07544,2.25498,2.23494,2.62047,0,0.004654,0.004654,0.004654
164,20223.4,1.4441,2.36637,1.70065,1.52914,0,0.37892,0.3397,0.31668,0.1515,0.39095,0.33721,0.31196,0.14261,2.07715,2.28081,2.2255,2.64844,0,0.004621,0.004621,0.004621
165,20352.5,1.42498,2.34147,1.66512,1.51764,0,0.31103,0.38562,0.32992,0.15989,0.30836,0.38343,0.31881,0.14647,2.06364,2.26251,2.19141,2.5041,0,0.004588,0.004588,0.004588
166,20476.9,1.39301,2.29116,1.64203,1.50971,0,0.34913,0.41536,0.3369,0.15936,0.35194,0.41547,0.32762,0.14968,2.07856,2.24435,2.27537,2.66209,0,0.004555,0.004555,0.004555
167,20601.6,1.38995,2.30666,1.6069,1.49661,0,0.38917,0.39846,0.354,0.16389,0.38091,0.3907,0.34092,0.15422,2.08936,2.2749,2.17049,2.72979,0,0.004522,0.004522,0.004522
168,20726.3,1.42331,2.3642,1.6577,1.50736,0,0.32491,0.4033,0.31386,0.14842,0.32023,0.37989,0.3133,0.13925,2.07403,2.27494,2.21034,2.63706,0,0.004489,0.004489,0.004489
169,20850.7,1.41187,2.31508,1.6302,1.49282,0,0.37401,0.33147,0.31403,0.14976,0.30148,0.37893,0.30516,0.14157,2.06314,2.28291,2.27857,2.82257,0,0.004456,0.004456,0.004456
170,20974.4,1.41145,2.3565,1.63697,1.50167,0,0.31126,0.40343,0.31545,0.14678,0.30543,0.39977,0.3096,0.13271,2.07254,2.27826,2.29053,2.68462,0,0.004423,0.004423,0.004423
171,21098.4,1.44797,2.38043,1.69939,1.51252,0,0.3502,0.36011,0.31383,0.14444,0.32582,0.38498,0.30094,0.13389,2.06924,2.23604,2.37982,2.82349,0,0.00439,0.00439,0.00439
172,21222.2,1.39523,2.31081,1.62529,1.49176,0,0.32399,0.42487,0.32985,0.15697,0.33666,0.38063,0.3168,0.14914,2.06308,2.2275,2.21725,2.6502,0,0.004357,0.004357,0.004357
173,21345.9,1.4144,2.31259,1.61683,1.4989,0,0.29217,0.38453,0.31279,0.14959,0.29082,0.38089,0.30384,0.139,2.06976,2.24847,2.26797,2.74287,0,0.004324,0.004324,0.004324
174,21470,1.3987,2.33182,1.65151,1.49182,0,0.35572,0.35984,0.30002,0.14027,0.36958,0.36572,0.30353,0.13378,2.04916,2.27905,2.30677,2.70776,0,0.004291,0.004291,0.004291
175,21593.9,1.38145,2.27418,1.61546,1.47663,0,0.31664,0.41155,0.32275,0.15588,0.32075,0.40348,0.32018,0.14704,2.04794,2.27052,2.24744,2.72396,0,0.004258,0.004258,0.004258
176,21718.2,1.39245,2.26736,1.61265,1.49099,0,0.3419,0.35632,0.30521,0.13672,0.34774,0.3612,0.3003,0.13249,2.06394,2.248,2.40048,2.778,0,0.004225,0.004225,0.004225
177,21842.3,1.39883,2.2627,1.59715,1.50563,0,0.34318,0.40813,0.33381,0.16069,0.34396,0.40793,0.32536,0.14704,2.02098,2.26239,2.19934,2.73076,0,0.004192,0.004192,0.004192
178,21966.8,1.38249,2.30438,1.59389,1.47967,0,0.38369,0.32842,0.32605,0.15369,0.37938,0.32428,0.31275,0.14764,2.02669,2.24322,2.20976,2.73977,0,0.004159,0.004159,0.004159
179,22090.9,1.3803,2.31813,1.60769,1.48209,0,0.31732,0.39384,0.32334,0.15374,0.33692,0.38751,0.31312,0.14425,2.05153,2.24013,2.23459,2.61417,0,0.004126,0.004126,0.004126
180,22214.7,1.38435,2.29798,1.61295,1.49488,0,0.3108,0.36597,0.29231,0.14492,0.32496,0.37229,0.2902,0.13473,2.06126,2.24093,2.29602,2.68114,0,0.004093,0.004093,0.004093
181,22338.4,1.3864,2.2937,1.60619,1.4905,0,0.37121,0.36612,0.31645,0.15797,0.37649,0.36717,0.30762,0.14607,2.03777,2.23598,2.27246,2.68844,0,0.00406,0.00406,0.00406
182,22462.2,1.39379,2.28298,1.60455,1.50104,0,0.3546,0.39825,0.32539,0.15662,0.34905,0.39453,0.3161,0.14684,2.03625,2.21961,2.27867,2.74804,0,0.004027,0.004027,0.004027
183,22586.3,1.392,2.34258,1.57882,1.48255,0,0.34149,0.35851,0.32794,0.15856,0.35067,0.36744,0.32739,0.15125,2.07718,2.24323,2.30101,2.85905,0,0.003994,0.003994,0.003994
184,22711,1.38761,2.22775,1.57596,1.48875,0,0.35358,0.39819,0.31925,0.14876,0.35305,0.39902,0.31363,0.14032,2.07015,2.22424,2.26114,2.70462,0,0.003961,0.003961,0.003961
185,22836.2,1.36941,2.30418,1.54549,1.47474,0,0.35975,0.42045,0.34867,0.1657,0.36788,0.40703,0.341,0.16168,2.09242,2.20735,2.18038,2.73245,0,0.003928,0.003928,0.003928
186,22961.9,1.37423,2.30377,1.58098,1.47995,0,0.36477,0.38015,0.32167,0.15431,0.37982,0.3629,0.31823,0.14775,2.0508,2.22957,2.22594,2.62832,0,0.003895,0.003895,0.003895
187,23087.3,1.37437,2.27852,1.59048,1.48136,0,0.36881,0.34061,0.32927,0.1539,0.36796,0.38107,0.34023,0.14829,2.0732,2.27727,2.23256,2.62771,0,0.003862,0.003862,0.003862
188,23212.5,1.39782,2.2961,1.61276,1.49423,0,0.28704,0.41569,0.32631,0.15271,0.37053,0.3418,0.32529,0.14564,2.03021,2.24814,2.29128,2.65873,0,0.003829,0.003829,0.003829
189,23338,1.36911,2.32238,1.58117,1.48003,0,0.33912,0.39289,0.33432,0.15742,0.36513,0.3804,0.3286,0.15082,2.08299,2.26389,2.35185,2.76151,0,0.003796,0.003796,0.003796
190,23462.7,1.37786,2.30944,1.58141,1.4663,0,0.37317,0.40371,0.34837,0.16972,0.37827,0.41262,0.35267,0.16039,2.05462,2.21641,2.374,2.71453,0,0.003763,0.003763,0.003763
191,23586.8,1.376,2.30362,1.60186,1.47448,0,0.35336,0.44304,0.3454,0.16271,0.36808,0.42974,0.33933,0.15582,2.05876,2.24925,2.22803,2.81235,0,0.00373,0.00373,0.00373
192,23710.8,1.40043,2.26155,1.57375,1.47933,0,0.38985,0.3932,0.34042,0.16478,0.38878,0.39707,0.33937,0.15577,2.07978,2.23903,2.22636,2.79847,0,0.003697,0.003697,0.003697
193,23835.4,1.33332,2.24358,1.55894,1.45965,0,0.41966,0.37319,0.34032,0.16381,0.41746,0.36997,0.33789,0.15585,2.04574,2.20753,2.21304,2.81634,0,0.003664,0.003664,0.003664
194,23959.5,1.3538,2.24916,1.55158,1.45778,0,0.35054,0.39745,0.324,0.15703,0.35408,0.40123,0.32391,0.14905,2.03911,2.24439,2.21268,2.74464,0,0.003631,0.003631,0.003631
195,24084,1.34294,2.20918,1.5492,1.45658,0,0.33433,0.4578,0.35301,0.17412,0.45197,0.32465,0.34365,0.1643,2.02539,2.22852,2.15294,2.63426,0,0.003598,0.003598,0.003598
196,24208.4,1.35747,2.2475,1.56691,1.4764,0,0.37803,0.38811,0.33664,0.16421,0.38412,0.41994,0.33822,0.16348,2.05646,2.21051,2.16699,2.69723,0,0.003565,0.003565,0.003565
197,24332.9,1.34241,2.22848,1.52658,1.45123,0,0.39062,0.34968,0.35108,0.17657,0.37206,0.38628,0.34141,0.1675,2.04772,2.21008,2.15936,2.67028,0,0.003532,0.003532,0.003532
198,24456.7,1.35674,2.25605,1.54787,1.46603,0,0.35386,0.40157,0.33409,0.16171,0.38539,0.37938,0.32194,0.15429,2.07158,2.22244,2.29441,2.83659,0,0.003499,0.003499,0.003499
199,24580.8,1.37265,2.25174,1.55116,1.47079,0,0.37047,0.39326,0.33958,0.16688,0.37598,0.38915,0.33171,0.15418,2.06198,2.20846,2.19673,2.79015,0,0.003466,0.003466,0.003466
200,24704.9,1.3682,2.2839,1.56299,1.46487,0,0.38161,0.40682,0.335,0.16244,0.41473,0.37665,0.32057,0.1507,2.03606,2.24506,2.23259,2.54533,0,0.003433,0.003433,0.003433
201,24828.9,1.33761,2.24312,1.54,1.46212,0,0.31959,0.43013,0.32577,0.16652,0.37897,0.36069,0.3248,0.15906,2.03637,2.21132,2.23318,2.67473,0,0.0034,0.0034,0.0034
202,24953.6,1.3427,2.24528,1.53269,1.46015,0,0.34443,0.37992,0.32894,0.16188,0.37932,0.37032,0.33446,0.158,2.05587,2.21396,2.2312,2.7435,0,0.003367,0.003367,0.003367
203,25072.7,1.34115,2.27354,1.53174,1.45709,0,0.43156,0.359,0.35011,0.17299,0.42481,0.35172,0.3336,0.16101,2.05134,2.22066,2.31185,2.84768,0,0.003334,0.003334,0.003334
204,25191.8,1.33454,2.23605,1.50409,1.45566,0,0.3547,0.46125,0.34007,0.16768,0.36047,0.44965,0.33175,0.16034,2.02242,2.23886,2.25095,2.71225,0,0.003301,0.003301,0.003301
205,25314,1.33377,2.21021,1.52299,1.4451,0,0.39018,0.40836,0.35519,0.17434,0.38695,0.39744,0.3426,0.16513,2.05372,2.20516,2.19111,2.83326,0,0.003268,0.003268,0.003268
206,25442.1,1.32032,2.19697,1.50169,1.44551,0,0.38203,0.38155,0.35762,0.17437,0.40363,0.35067,0.33626,0.16086,2.01062,2.22129,2.24902,2.74125,0,0.003235,0.003235,0.003235
207,25570.6,1.34089,2.23933,1.53613,1.44842,0,0.39067,0.38081,0.34847,0.16487,0.36805,0.39934,0.34002,0.15336,2.03685,2.24217,2.18811,2.81532,0,0.003202,0.003202,0.003202
208,25697.3,1.30901,2.20131,1.51542,1.43558,0,0.38381,0.44179,0.34814,0.1654,0.38446,0.41608,0.33684,0.15551,2.02732,2.19626,2.29041,2.91497,0,0.003169,0.003169,0.003169
209,25824.2,1.33188,2.21386,1.52157,1.44431,0,0.37931,0.43104,0.34656,0.16694,0.37552,0.42647,0.34327,0.16009,2.05206,2.22769,2.29335,2.91205,0,0.003136,0.003136,0.003136
210,25949.3,1.31858,2.21206,1.51027,1.4519,0,0.37128,0.43924,0.35141,0.17437,0.37551,0.43815,0.34761,0.1675,2.0501,2.24009,2.20306,2.81107,0,0.003103,0.003103,0.003103
211,26071.3,1.31412,2.21277,1.46962,1.42496,0,0.4286,0.33309,0.33065,0.15942,0.4505,0.34844,0.33989,0.15361,2.02916,2.19683,2.23275,2.82839,0,0.00307,0.00307,0.00307
212,26192.9,1.31804,2.18,1.46686,1.42732,0,0.33769,0.42879,0.35313,0.16594,0.43965,0.35304,0.35273,0.15635,2.02998,2.18309,2.17503,2.86753,0,0.003037,0.003037,0.003037
213,26316,1.27453,2.15623,1.44423,1.41268,0,0.42052,0.39019,0.35331,0.16926,0.4195,0.40803,0.3547,0.16394,2.00507,2.19062,2.22795,2.71053,0,0.003004,0.003004,0.003004
214,26438.9,1.35271,2.24142,1.5449,1.47029,0,0.35955,0.41405,0.34185,0.1716,0.36898,0.42553,0.34369,0.16384,2.0338,2.20591,2.20258,2.82681,0,0.002971,0.002971,0.002971
215,26560.7,1.2975,2.20331,1.49265,1.43252,0,0.3786,0.37207,0.34941,0.17057,0.3641,0.39932,0.35153,0.16275,2.03223,2.19848,2.26502,2.79539,0,0.002938,0.002938,0.002938
216,26682.4,1.33828,2.23121,1.52375,1.46258,0,0.38081,0.37893,0.35126,0.17857,0.40735,0.40333,0.3495,0.16726,1.99742,2.19537,2.23515,2.6298,0,0.002905,0.002905,0.002905
217,26804.2,1.28284,2.14997,1.44829,1.42044,0,0.40675,0.38423,0.36174,0.17525,0.38822,0.39844,0.35592,0.16788,2.00437,2.20616,2.14737,2.75605,0,0.002872,0.002872,0.002872
218,26925.8,1.32499,2.19017,1.49753,1.45044,0,0.39838,0.39234,0.36402,0.17774,0.39067,0.38952,0.3564,0.16998,2.03635,2.21957,2.16379,2.84006,0,0.002839,0.002839,0.002839
219,27047.7,1.30478,2.19211,1.45374,1.43056,0,0.4226,0.35273,0.33708,0.16634,0.40757,0.36721,0.33825,0.15872,2.02273,2.2319,2.18656,2.82615,0,0.002806,0.002806,0.002806
220,27169.5,1.32237,2.23595,1.50471,1.43983,0,0.39455,0.4252,0.34472,0.16786,0.40233,0.42315,0.34935,0.16118,2.03096,2.20752,2.12055,2.84426,0,0.002773,0.002773,0.002773
221,27291.3,1.29997,2.18087,1.4704,1.42369,0,0.40624,0.38726,0.34751,0.17362,0.40157,0.41299,0.35934,0.16464,2.005,2.20532,2.17604,2.88429,0,0.00274,0.00274,0.00274
222,27412.9,1.30806,2.2011,1.49529,1.43685,0,0.43313,0.38531,0.3375,0.16237,0.39504,0.40549,0.33512,0.15517,2.01434,2.22202,2.18815,2.88296,0,0.002707,0.002707,0.002707
223,27534.5,1.29666,2.16254,1.46425,1.42975,0,0.35703,0.44163,0.34851,0.16741,0.37015,0.44161,0.34786,0.16118,2.00997,2.21195,2.18905,2.86092,0,0.002674,0.002674,0.002674
224,27655.9,1.30096,2.17835,1.47505,1.42759,0,0.39734,0.41677,0.3563,0.17387,0.39279,0.40656,0.34501,0.1652,2.01233,2.21271,2.16945,2.94749,0,0.002641,0.002641,0.002641
225,27777.6,1.28144,2.18255,1.46734,1.41747,0,0.37281,0.43563,0.36247,0.17083,0.38294,0.42438,0.35622,0.16781,2.04616,2.17769,2.19224,2.97599,0,0.002608,0.002608,0.002608
226,27899.4,1.30657,2.19946,1.45634,1.42696,0,0.39906,0.39831,0.34979,0.16532,0.39394,0.43661,0.35628,0.16418,2.02408,2.19016,2.19305,2.80869,0,0.002575,0.002575,0.002575
227,28019.8,1.30884,2.20299,1.50257,1.4436,0,0.37498,0.42962,0.36067,0.1747,0.38178,0.44858,0.35767,0.17491,2.02083,2.20262,2.15855,2.87549,0,0.002542,0.002542,0.002542
228,28142.2,1.27147,2.13081,1.42682,1.40818,0,0.35293,0.43379,0.36871,0.1729,0.33645,0.48909,0.35812,0.16586,2.02286,2.22172,2.16161,2.97631,0,0.002509,0.002509,0.002509
229,28262.9,1.30652,2.17672,1.45132,1.42378,0,0.41769,0.35948,0.36404,0.17236,0.42296,0.36222,0.3577,0.16788,2.02932,2.20932,2.12078,2.8849,0,0.002476,0.002476,0.002476
230,28381.6,1.288,2.19884,1.45027,1.41904,0,0.36135,0.47099,0.37652,0.18116,0.36747,0.4753,0.37608,0.17972,2.03354,2.1677,2.15153,2.87431,0,0.002443,0.002443,0.002443
231,28504.4,1.2978,2.17173,1.45699,1.41225,0,0.34463,0.46102,0.35527,0.16591,0.37244,0.45625,0.35923,0.16279,2.05914,2.22249,2.12994,2.95019,0,0.00241,0.00241,0.00241
232,28626.1,1.30535,2.15961,1.45679,1.41672,0,0.36732,0.41594,0.3613,0.17323,0.36914,0.43966,0.36012,0.16699,2.01852,2.19784,2.1483,2.88451,0,0.002377,0.002377,0.002377
233,28744.6,1.2918,2.11913,1.41791,1.41702,0,0.329,0.41328,0.35858,0.17459,0.32896,0.47033,0.35679,0.16843,2.03346,2.22263,2.18803,3.02423,0,0.002344,0.002344,0.002344
234,28863.7,1.28752,2.16601,1.4361,1.42061,0,0.35178,0.41333,0.34185,0.164,0.35301,0.4363,0.34464,0.16048,2.03925,2.19635,2.14589,2.91327,0,0.002311,0.002311,0.002311
235,28985.4,1.28049,2.15875,1.42555,1.41375,0,0.3787,0.38796,0.34969,0.16662,0.38434,0.39806,0.34534,0.16157,2.04652,2.20409,2.17087,2.9186,0,0.002278,0.002278,0.002278
236,29107.7,1.27308,2.12554,1.422,1.4094,0,0.41956,0.34715,0.36015,0.17582,0.41232,0.39143,0.36359,0.1718,2.0325,2.18546,2.13467,2.86576,0,0.002245,0.002245,0.002245
237,29229.9,1.27707,2.19564,1.4575,1.41956,0,0.40347,0.38104,0.35482,0.17314,0.41285,0.39543,0.35153,0.16386,2.03167,2.19725,2.13481,2.9167,0,0.002212,0.002212,0.002212
238,29351.3,1.28281,2.17547,1.43613,1.41533,0,0.36903,0.3816,0.36503,0.17998,0.38761,0.39095,0.36292,0.17358,2.01444,2.19082,2.16816,2.99193,0,0.002179,0.002179,0.002179
239,29472.5,1.25803,2.16664,1.42147,1.4038,0,0.3936,0.40067,0.35991,0.17297,0.42069,0.38203,0.35857,0.16711,2.02508,2.18813,2.1988,2.98176,0,0.002146,0.002146,0.002146
240,29593.8,1.26972,2.15582,1.41422,1.39734,0,0.39757,0.39659,0.36214,0.17158,0.4083,0.40432,0.36255,0.16387,2.05313,2.22484,2.18303,2.93714,0,0.002113,0.002113,0.002113
241,29714.8,1.26091,2.16904,1.41007,1.40374,0,0.39565,0.43868,0.36346,0.17993,0.40249,0.4332,0.36348,0.17086,2.03136,2.19302,2.21985,2.9793,0,0.00208,0.00208,0.00208
242,29835.9,1.29863,2.17621,1.43576,1.41525,0,0.37412,0.41908,0.36127,0.17384,0.40052,0.42594,0.3585,0.16571,2.04546,2.18643,2.22312,3.01874,0,0.002047,0.002047,0.002047
243,29956.9,1.23638,2.11224,1.39198,1.39748,0,0.38892,0.43686,0.36466,0.17574,0.40642,0.4421,0.36301,0.16791,2.00455,2.16135,2.11348,2.79055,0,0.002014,0.002014,0.002014
244,30078.1,1.28814,2.15868,1.42296,1.41607,0,0.37643,0.43887,0.36469,0.17843,0.38483,0.43481,0.36683,0.17146,2.02486,2.19751,2.16868,2.82227,0,0.001981,0.001981,0.001981
245,30199.2,1.26203,2.14805,1.38388,1.40006,0,0.38339,0.41594,0.36596,0.17764,0.374,0.44815,0.35892,0.1737,2.01628,2.18655,2.11012,2.77642,0,0.001948,0.001948,0.001948
246,30320.2,1.27926,2.13278,1.39931,1.40402,0,0.37266,0.41376,0.36315,0.17099,0.37402,0.45816,0.35964,0.16702,2.02037,2.18745,2.18228,2.82226,0,0.001915,0.001915,0.001915
247,30441.5,1.28012,2.14675,1.40904,1.40986,0,0.36167,0.47483,0.36693,0.17451,0.38358,0.44104,0.36364,0.17002,2.03535,2.18586,2.1048,2.87648,0,0.001882,0.001882,0.001882
248,30562.3,1.2771,2.17829,1.40871,1.39776,0,0.37656,0.45311,0.37591,0.17526,0.37439,0.44489,0.37355,0.17152,2.02182,2.20417,2.15139,2.95157,0,0.001849,0.001849,0.001849
249,30683.1,1.27441,2.13302,1.39614,1.41058,0,0.41962,0.4179,0.38052,0.1819,0.42038,0.41889,0.38171,0.17692,2.01697,2.20366,2.16127,2.93055,0,0.001816,0.001816,0.001816
250,30803.9,1.24409,2.12669,1.38599,1.39172,0,0.45453,0.44137,0.38826,0.18349,0.4493,0.43407,0.385,0.17815,2.04365,2.20503,2.12183,2.8843,0,0.001783,0.001783,0.001783
251,30925,1.27394,2.14503,1.38881,1.39965,0,0.42407,0.42244,0.38888,0.18928,0.41829,0.4682,0.39016,0.1846,2.03319,2.17486,2.15176,2.86169,0,0.00175,0.00175,0.00175
252,31049.5,1.25925,2.11385,1.38793,1.3953,0,0.43221,0.39497,0.37545,0.18589,0.41834,0.42371,0.37763,0.17823,2.02808,2.17669,2.19024,2.83835,0,0.001717,0.001717,0.001717
253,31172.3,1.24231,2.14239,1.36402,1.39389,0,0.37975,0.44654,0.38405,0.19007,0.39053,0.44365,0.38829,0.18225,2.02438,2.18295,2.21837,3.01714,0,0.001684,0.001684,0.001684
254,31295.3,1.28329,2.16116,1.40689,1.41291,0,0.38921,0.44433,0.36479,0.1764,0.39867,0.44672,0.37094,0.16905,2.0434,2.18439,2.18313,3.00225,0,0.001651,0.001651,0.001651
255,31418.3,1.24553,2.13482,1.37921,1.39173,0,0.38674,0.45639,0.37477,0.1826,0.39429,0.44793,0.38273,0.17661,2.0365,2.21029,2.17682,2.92605,0,0.001618,0.001618,0.001618
256,31540.8,1.22376,2.08561,1.36732,1.37685,0,0.39561,0.46581,0.39559,0.19622,0.44978,0.43259,0.39049,0.18988,2.02367,2.17559,2.09257,2.88877,0,0.001585,0.001585,0.001585
257,31664.3,1.24917,2.12299,1.39821,1.38418,0,0.49081,0.40053,0.39831,0.19548,0.49857,0.39201,0.40157,0.19081,2.02502,2.15164,2.07192,2.87341,0,0.001552,0.001552,0.001552
258,31785.3,1.21714,2.11369,1.37375,1.38258,0,0.43889,0.37989,0.38167,0.18133,0.45121,0.38563,0.38789,0.17825,2.02595,2.16792,2.1088,2.99663,0,0.001519,0.001519,0.001519
259,31906.3,1.27063,2.15345,1.4029,1.4089,0,0.39015,0.42845,0.36275,0.1767,0.39438,0.43057,0.36168,0.17258,1.99338,2.19639,2.17736,3.00283,0,0.001486,0.001486,0.001486
260,32027.2,1.23907,2.11537,1.36381,1.38308,0,0.37081,0.44716,0.36485,0.18197,0.3829,0.46747,0.36831,0.17731,2.00309,2.17857,2.17996,3.04696,0,0.001453,0.001453,0.001453
261,32148.2,1.23986,2.10642,1.36833,1.3847,0,0.41565,0.40925,0.38095,0.19134,0.42011,0.41165,0.38182,0.18509,2.00163,2.15979,2.09562,3.05356,0,0.00142,0.00142,0.00142
262,32269.6,1.2642,2.13781,1.39564,1.39294,0,0.41534,0.4197,0.37551,0.18772,0.42286,0.41303,0.37525,0.18168,1.99711,2.17083,2.14147,3.04806,0,0.001387,0.001387,0.001387
263,32390.8,1.22177,2.10747,1.35353,1.37203,0,0.42369,0.44372,0.37888,0.18936,0.42143,0.4044,0.37681,0.18375,2.00446,2.17579,2.15632,3.07679,0,0.001354,0.001354,0.001354
264,32511.8,1.22956,2.11755,1.36853,1.38043,0,0.39484,0.42021,0.36734,0.18404,0.40977,0.43211,0.37669,0.17558,2.00098,2.17492,2.08491,2.94476,0,0.001321,0.001321,0.001321
265,32632.7,1.21614,2.03996,1.35128,1.36272,0,0.42072,0.3839,0.36971,0.18284,0.4318,0.39879,0.3744,0.17368,2.0119,2.16699,2.09976,3.03306,0,0.001288,0.001288,0.001288
266,32754.6,1.23839,2.10504,1.37029,1.38184,0,0.41355,0.41815,0.3644,0.1797,0.41765,0.4201,0.3764,0.17448,2.02341,2.1743,2.10805,3.10368,0,0.001255,0.001255,0.001255
267,32876,1.24417,2.09824,1.36461,1.38366,0,0.39639,0.40227,0.36667,0.18809,0.37371,0.46067,0.36928,0.17902,1.99208,2.16512,2.07876,2.86072,0,0.001222,0.001222,0.001222
268,32997.2,1.23929,2.14047,1.36134,1.38992,0,0.40979,0.40968,0.36028,0.18313,0.41836,0.41728,0.36391,0.17524,2.00286,2.17031,2.13183,2.89474,0,0.001189,0.001189,0.001189
269,33118.2,1.20853,2.07399,1.32184,1.37788,0,0.38413,0.44126,0.36613,0.18585,0.40762,0.41608,0.36379,0.17509,2.00793,2.15172,2.06363,3.00941,0,0.001156,0.001156,0.001156
270,33239.6,1.22662,2.10146,1.33646,1.36484,0,0.41523,0.42781,0.3686,0.18177,0.42057,0.43302,0.3665,0.17767,2.00529,2.15951,2.15117,3.1214,0,0.001123,0.001123,0.001123
271,33358.7,1.19232,2.04512,1.29595,1.35337,0,0.43888,0.40229,0.38027,0.18947,0.43929,0.40746,0.37184,0.18213,2.0022,2.17218,2.14267,2.97627,0,0.00109,0.00109,0.00109
272,33477.3,1.21224,2.07956,1.31506,1.36603,0,0.42363,0.38829,0.37656,0.18542,0.43894,0.38722,0.38246,0.18123,2.00873,2.17335,2.10404,2.97823,0,0.001057,0.001057,0.001057
273,33599.3,1.2323,2.10569,1.34749,1.37254,0,0.41737,0.39761,0.3718,0.17903,0.42461,0.4187,0.37473,0.17504,2.01996,2.15869,2.16206,3.0355,0,0.001024,0.001024,0.001024
274,33721.8,1.20755,2.06574,1.32891,1.36529,0,0.38562,0.41689,0.37615,0.18195,0.40326,0.43223,0.38784,0.1785,2.00377,2.15637,2.11496,3.00976,0,0.000991,0.000991,0.000991
275,33844,1.22497,2.11241,1.3326,1.37163,0,0.43002,0.40617,0.38507,0.18635,0.44566,0.4223,0.39145,0.17815,2.01178,2.16933,2.14967,3.08321,0,0.000958,0.000958,0.000958
276,33965.4,1.22557,2.06481,1.34587,1.37759,0,0.41568,0.41055,0.38751,0.19346,0.44001,0.41032,0.3871,0.18053,2.00123,2.15483,2.10613,2.98646,0,0.000925,0.000925,0.000925
277,34086.9,1.19795,2.08811,1.31669,1.3607,0,0.40002,0.41515,0.38603,0.19036,0.42171,0.42432,0.39073,0.18341,2.00542,2.16209,2.15416,2.99535,0,0.000892,0.000892,0.000892
